{
  "NX": 256,
  "NY": 256,
  "LX": 0.0002,
  "LY": 0.0002,
  "LAMBDA0": 1.064e-06,
  "N_CORE": 1.453,
  "NA": 0.1,
  "R_CORE": 2.5e-05,
  "N2": 2.76e-20,
  "N_MODES": 45,
  "N_BEAT_LENGTHS": 10,
  "SHOT_NOISE_FRAC": 0.01,
  "N_RESTARTS": 1,
  "SEED": 42,
  "P_cr": 357535.2179796549,
  "P_target": 715070.4359593098,
  "L_beat": 0.00114118353141653,
  "w0": 6.506551687525855e-06,
  "deltaZ": 2.28236706283306e-05,
  "steps_total": 500,
  "final_losses": {
    "NLO": 0.8358922600746155,
    "Adam": 0.9881339073181152,
    "L-BFGS": 0.9881261587142944
  }
}